DatasetID,LastName,FirstName,Dataset,SpeciesName,AccSpeciesName,TraitName,OriglName,OrigValueStr,OrigUnitStr,OrigUncertaintyStr,StdValue,UnitName,ValueKindName,Comment,Reference,AccSpeciesID,ObservationID,ObsDataID,TraitID,DataID,DataName,UncertaintyName,Replicates,RelUncertaintyPercent,OrigObsDataID,ErrorRisk
St.Martin&Mallik_2019,"St. Martin, Mallik","Philippe, Azim",St.Martin&Mallik_2019,Abies balsamea (Linnaeus) Miller,Abies balsamea,LDMC,LDMC,388,mg.g-1,,0.388,g.g-1,mean,7 individuals,"St. Martin, P., & Mallik, A. U. (2019). Alternate successional pathway yields alternate pattern of functional diversity. Journal of Vegetation Science, 30(3), 461-470. https://doi.org/10.1111/jvs.12740",,,,,,,,,,,
St.Martin&Mallik_2019,"St. Martin, Mallik","Philippe, Azim",St.Martin&Mallik_2019,Abies balsamea (Linnaeus) Miller,Abies balsamea,SLA,SLA,97.9,m2.kg-1,,97.7,mm2.mg-1,mean,7 individuals,"St. Martin, P., & Mallik, A. U. (2019). Alternate successional pathway yields alternate pattern of functional diversity. Journal of Vegetation Science, 30(3), 461-470. https://doi.org/10.1111/jvs.12740",,,,,,,,,,,
St.Martin&Mallik_2019,"St. Martin, Mallik","Philippe, Azim",St.Martin&Mallik_2019,Acer rubrum Linnaeus,Acer rubrum,LDMC,LDMC,344,mg.g-1,,0.344,g.g-1,mean,7 individuals,"St. Martin, P., & Mallik, A. U. (2019). Alternate successional pathway yields alternate pattern of functional diversity. Journal of Vegetation Science, 30(3), 461-470. https://doi.org/10.1111/jvs.12740",,,,,,,,,,,
St.Martin&Mallik_2019,"St. Martin, Mallik","Philippe, Azim",St.Martin&Mallik_2019,Acer rubrum Linnaeus,Acer rubrum,SLA,SLA,103.3,m2.kg-1,,103.3,mm2.mg-1,mean,7 individuals,"St. Martin, P., & Mallik, A. U. (2019). Alternate successional pathway yields alternate pattern of functional diversity. Journal of Vegetation Science, 30(3), 461-470. https://doi.org/10.1111/jvs.12740",,,,,,,,,,,
St.Martin&Mallik_2019,"St. Martin, Mallik","Philippe, Azim",St.Martin&Mallik_2019,Betula papyrifera Marshall,Betula papyrifera,LDMC,LDMC,277,mg.g-1,,0.277,g.g-1,mean,7 individuals,"St. Martin, P., & Mallik, A. U. (2019). Alternate successional pathway yields alternate pattern of functional diversity. Journal of Vegetation Science, 30(3), 461-470. https://doi.org/10.1111/jvs.12741",,,,,,,,,,,
St.Martin&Mallik_2019,"St. Martin, Mallik","Philippe, Azim",St.Martin&Mallik_2019,Betula papyrifera Marshall,Betula papyrifera,SLA,SLA,205.7,m2.kg-1,,205.7,mm2.mg-1,mean,7 individuals,"St. Martin, P., & Mallik, A. U. (2019). Alternate successional pathway yields alternate pattern of functional diversity. Journal of Vegetation Science, 30(3), 461-470. https://doi.org/10.1111/jvs.12741",,,,,,,,,,,
St.Martin&Mallik_2019,"St. Martin, Mallik","Philippe, Azim",St.Martin&Mallik_2019,Larix laricina (Du Roi) K. Koch,Larix laricina,LDMC,LDMC,328,mg.g-1,,0.328,g.g-1,mean,7 individuals,"St. Martin, P., & Mallik, A. U. (2019). Alternate successional pathway yields alternate pattern of functional diversity. Journal of Vegetation Science, 30(3), 461-470. https://doi.org/10.1111/jvs.12742",,,,,,,,,,,
St.Martin&Mallik_2019,"St. Martin, Mallik","Philippe, Azim",St.Martin&Mallik_2019,Larix laricina (Du Roi) K. Koch,Larix laricina,SLA,SLA,148.2,m2.kg-1,,148.2,mm2.mg-1,mean,7 individuals,"St. Martin, P., & Mallik, A. U. (2019). Alternate successional pathway yields alternate pattern of functional diversity. Journal of Vegetation Science, 30(3), 461-470. https://doi.org/10.1111/jvs.12742",,,,,,,,,,,
St.Martin&Mallik_2019,"St. Martin, Mallik","Philippe, Azim",St.Martin&Mallik_2019,"Picea mariana (Miller) Britton, Sterns & Poggenburgh",Picea mariana,LDMC,LDMC,422,mg.g-1,,0.422,g.g-1,mean,7 individuals,"St. Martin, P., & Mallik, A. U. (2019). Alternate successional pathway yields alternate pattern of functional diversity. Journal of Vegetation Science, 30(3), 461-470. https://doi.org/10.1111/jvs.12742",,,,,,,,,,,
St.Martin&Mallik_2019,"St. Martin, Mallik","Philippe, Azim",St.Martin&Mallik_2019,"Picea mariana (Miller) Britton, Sterns & Poggenburgh",Picea mariana,SLA,SLA,63.7,m2.kg-1,,63.7,mm2.mg-1,mean,7 individuals,"St. Martin, P., & Mallik, A. U. (2019). Alternate successional pathway yields alternate pattern of functional diversity. Journal of Vegetation Science, 30(3), 461-470. https://doi.org/10.1111/jvs.12742",,,,,,,,,,,
St.Martin&Mallik_2019,"St. Martin, Mallik","Philippe, Azim",St.Martin&Mallik_2019,Populus tremuloides Michaux,Populus tremuloides,LDMC,LDMC,409,mg.g-1,,0.409,g.g-1,mean,7 individuals,"St. Martin, P., & Mallik, A. U. (2019). Alternate successional pathway yields alternate pattern of functional diversity. Journal of Vegetation Science, 30(3), 461-470. https://doi.org/10.1111/jvs.12742",,,,,,,,,,,
St.Martin&Mallik_2019,"St. Martin, Mallik","Philippe, Azim",St.Martin&Mallik_2019,Populus tremuloides Michaux,Populus tremuloides,SLA,SLA,139.9,m2.kg-1,,139.9,mm2.mg-1,mean,7 individuals,"St. Martin, P., & Mallik, A. U. (2019). Alternate successional pathway yields alternate pattern of functional diversity. Journal of Vegetation Science, 30(3), 461-470. https://doi.org/10.1111/jvs.12742",,,,,,,,,,,
St.Martin&Mallik_2019,"St. Martin, Mallik","Philippe, Azim",St.Martin&Mallik_2019,Prunus pensylvanica Linnaeus f.,Prunus pensylvanica,LDMC,LDMC,321,mg.g-1,,0.321,g.g-1,mean,7 individuals,"St. Martin, P., & Mallik, A. U. (2019). Alternate successional pathway yields alternate pattern of functional diversity. Journal of Vegetation Science, 30(3), 461-470. https://doi.org/10.1111/jvs.12742",,,,,,,,,,,
St.Martin&Mallik_2019,"St. Martin, Mallik","Philippe, Azim",St.Martin&Mallik_2019,Prunus pensylvanica Linnaeus f.,Prunus pensylvanica,SLA,SLA,215.2,m2.kg-1,,215.2,mm2.mg-1,mean,7 individuals,"St. Martin, P., & Mallik, A. U. (2019). Alternate successional pathway yields alternate pattern of functional diversity. Journal of Vegetation Science, 30(3), 461-470. https://doi.org/10.1111/jvs.12742",,,,,,,,,,,
St.Martin&Mallik_2019,"St. Martin, Mallik","Philippe, Azim",St.Martin&Mallik_2019,Sorbus americana Marshall,Sorbus americana,LDMC,LDMC,336,mg.g-1,,0.336,g.g-1,mean,7 individuals,"St. Martin, P., & Mallik, A. U. (2019). Alternate successional pathway yields alternate pattern of functional diversity. Journal of Vegetation Science, 30(3), 461-470. https://doi.org/10.1111/jvs.12742",,,,,,,,,,,
St.Martin&Mallik_2019,"St. Martin, Mallik","Philippe, Azim",St.Martin&Mallik_2019,Sorbus americana Marshall,Sorbus americana,SLA,SLA,172.3,m2.kg-1,,172.3,mm2.mg-1,mean,7 individuals,"St. Martin, P., & Mallik, A. U. (2019). Alternate successional pathway yields alternate pattern of functional diversity. Journal of Vegetation Science, 30(3), 461-470. https://doi.org/10.1111/jvs.12742",,,,,,,,,,,
St.Martin&Mallik_2019,"St. Martin, Mallik","Philippe, Azim",St.Martin&Mallik_2019,Alnus rugosa (DuRoi) Sprengel,Alnus incana subsp. Rugosa,LDMC,LDMC,394,mg.g-1,,0.394,g.g-1,mean,7 individuals,"St. Martin, P., & Mallik, A. U. (2019). Alternate successional pathway yields alternate pattern of functional diversity. Journal of Vegetation Science, 30(3), 461-470. https://doi.org/10.1111/jvs.12742",,,,,,,,,,,
St.Martin&Mallik_2019,"St. Martin, Mallik","Philippe, Azim",St.Martin&Mallik_2019,Alnus rugosa (DuRoi) Sprengel,Alnus incana subsp. Rugosa,SLA,SLA,114.4,m2.kg-1,,114.4,mm2.mg-1,mean,7 individuals,"St. Martin, P., & Mallik, A. U. (2019). Alternate successional pathway yields alternate pattern of functional diversity. Journal of Vegetation Science, 30(3), 461-470. https://doi.org/10.1111/jvs.12742",,,,,,,,,,,
St.Martin&Mallik_2019,"St. Martin, Mallik","Philippe, Azim",St.Martin&Mallik_2019,Amelanchier interior E. L. Nielsen,Amelanchier interior,LDMC,LDMC,397,mg.g-1,,0.397,g.g-1,mean,7 individuals,"St. Martin, P., & Mallik, A. U. (2019). Alternate successional pathway yields alternate pattern of functional diversity. Journal of Vegetation Science, 30(3), 461-470. https://doi.org/10.1111/jvs.12742",,,,,,,,,,,
St.Martin&Mallik_2019,"St. Martin, Mallik","Philippe, Azim",St.Martin&Mallik_2019,Amelanchier interior E. L. Nielsen,Amelanchier interior,SLA,SLA,167.2,m2.kg-1,,167.2,mm2.mg-1,mean,7 individuals,"St. Martin, P., & Mallik, A. U. (2019). Alternate successional pathway yields alternate pattern of functional diversity. Journal of Vegetation Science, 30(3), 461-470. https://doi.org/10.1111/jvs.12742",,,,,,,,,,,
St.Martin&Mallik_2019,"St. Martin, Mallik","Philippe, Azim",St.Martin&Mallik_2019,"Ilex mucronata (Linnaeus) M. Powell, V. Savolainen & S. Andrews",Ilex mucronata,LDMC,LDMC,375,mg.g-1,,0.375,g.g-1,mean,7 individuals,"St. Martin, P., & Mallik, A. U. (2019). Alternate successional pathway yields alternate pattern of functional diversity. Journal of Vegetation Science, 30(3), 461-470. https://doi.org/10.1111/jvs.12742",,,,,,,,,,,
St.Martin&Mallik_2019,"St. Martin, Mallik","Philippe, Azim",St.Martin&Mallik_2019,"Ilex mucronata (Linnaeus) M. Powell, V. Savolainen & S. Andrews",Ilex mucronata,SLA,SLA,183.6,m2.kg-1,,183.6,mm2.mg-1,mean,7 individuals,"St. Martin, P., & Mallik, A. U. (2019). Alternate successional pathway yields alternate pattern of functional diversity. Journal of Vegetation Science, 30(3), 461-470. https://doi.org/10.1111/jvs.12742",,,,,,,,,,,
St.Martin&Mallik_2019,"St. Martin, Mallik","Philippe, Azim",St.Martin&Mallik_2019,Kalmia angustifolia Linnaeus,Kalmia angustifolia,LDMC,LDMC,401,mg.g-1,,0.401,g.g-1,mean,7 individuals,"St. Martin, P., & Mallik, A. U. (2019). Alternate successional pathway yields alternate pattern of functional diversity. Journal of Vegetation Science, 30(3), 461-470. https://doi.org/10.1111/jvs.12742",,,,,,,,,,,
St.Martin&Mallik_2019,"St. Martin, Mallik","Philippe, Azim",St.Martin&Mallik_2019,Kalmia angustifolia Linnaeus,Kalmia angustifolia,SLA,SLA,127.4,m2.kg-1,,127.4,mm2.mg-1,mean,7 individuals,"St. Martin, P., & Mallik, A. U. (2019). Alternate successional pathway yields alternate pattern of functional diversity. Journal of Vegetation Science, 30(3), 461-470. https://doi.org/10.1111/jvs.12742",,,,,,,,,,,
St.Martin&Mallik_2019,"St. Martin, Mallik","Philippe, Azim",St.Martin&Mallik_2019,Rhododendron canadense (Linnaeus) Torrey,Rhododendron canadense,LDMC,LDMC,402,mg.g-1,,0.402,g.g-1,mean,7 individuals,"St. Martin, P., & Mallik, A. U. (2019). Alternate successional pathway yields alternate pattern of functional diversity. Journal of Vegetation Science, 30(3), 461-470. https://doi.org/10.1111/jvs.12742",,,,,,,,,,,
St.Martin&Mallik_2019,"St. Martin, Mallik","Philippe, Azim",St.Martin&Mallik_2019,Rhododendron canadense (Linnaeus) Torrey,Rhododendron canadense,SLA,SLA,152.4,m2.kg-1,,152.4,mm2.mg-1,mean,7 individuals,"St. Martin, P., & Mallik, A. U. (2019). Alternate successional pathway yields alternate pattern of functional diversity. Journal of Vegetation Science, 30(3), 461-470. https://doi.org/10.1111/jvs.12742",,,,,,,,,,,
St.Martin&Mallik_2019,"St. Martin, Mallik","Philippe, Azim",St.Martin&Mallik_2019,Rhododendron groenlandicum (Oeder) Kron & Judd,Rhododendron groenlandicium,LDMC,LDMC,436,mg.g-1,,0.436,g.g-1,mean,7 individuals,"St. Martin, P., & Mallik, A. U. (2019). Alternate successional pathway yields alternate pattern of functional diversity. Journal of Vegetation Science, 30(3), 461-470. https://doi.org/10.1111/jvs.12742",,,,,,,,,,,
St.Martin&Mallik_2019,"St. Martin, Mallik","Philippe, Azim",St.Martin&Mallik_2019,Rhododendron groenlandicum (Oeder) Kron & Judd,Rhododendron groenlandicium,SLA,SLA,96.8,m2.kg-1,,96.8,mm2.mg-1,mean,7 individuals,"St. Martin, P., & Mallik, A. U. (2019). Alternate successional pathway yields alternate pattern of functional diversity. Journal of Vegetation Science, 30(3), 461-470. https://doi.org/10.1111/jvs.12742",,,,,,,,,,,
St.Martin&Mallik_2019,"St. Martin, Mallik","Philippe, Azim",St.Martin&Mallik_2019,Rubus idaeus Linnaeus,Rubus idaeus,LDMC,LDMC,351,mg.g-1,,0.351,g.g-1,mean,7 individuals,"St. Martin, P., & Mallik, A. U. (2019). Alternate successional pathway yields alternate pattern of functional diversity. Journal of Vegetation Science, 30(3), 461-470. https://doi.org/10.1111/jvs.12742",,,,,,,,,,,
St.Martin&Mallik_2019,"St. Martin, Mallik","Philippe, Azim",St.Martin&Mallik_2019,Rubus idaeus Linnaeus,Rubus idaeus,SLA,SLA,172,m2.kg-1,,172,mm2.mg-1,mean,7 individuals,"St. Martin, P., & Mallik, A. U. (2019). Alternate successional pathway yields alternate pattern of functional diversity. Journal of Vegetation Science, 30(3), 461-470. https://doi.org/10.1111/jvs.12742",,,,,,,,,,,
St.Martin&Mallik_2019,"St. Martin, Mallik","Philippe, Azim",St.Martin&Mallik_2019,Vaccinium angustifolium Aiton,Vaccinium angustifolium ,LDMC,LDMC,349,mg.g-1,,0.349,g.g-1,mean,7 individuals,"St. Martin, P., & Mallik, A. U. (2019). Alternate successional pathway yields alternate pattern of functional diversity. Journal of Vegetation Science, 30(3), 461-470. https://doi.org/10.1111/jvs.12742",,,,,,,,,,,
St.Martin&Mallik_2019,"St. Martin, Mallik","Philippe, Azim",St.Martin&Mallik_2019,Vaccinium angustifolium Aiton,Vaccinium angustifolium ,SLA,SLA,147.2,m2.kg-1,,147.1,mm2.mg-1,mean,7 individuals,"St. Martin, P., & Mallik, A. U. (2019). Alternate successional pathway yields alternate pattern of functional diversity. Journal of Vegetation Science, 30(3), 461-470. https://doi.org/10.1111/jvs.12742",,,,,,,,,,,
St.Martin&Mallik_2019,"St. Martin, Mallik","Philippe, Azim",St.Martin&Mallik_2019,Viburnum cassinoides Linnaeus,Viburnum cassinoides,LDMC,LDMC,327,mg.g-1,,0.327,g.g-1,mean,7 individuals,"St. Martin, P., & Mallik, A. U. (2019). Alternate successional pathway yields alternate pattern of functional diversity. Journal of Vegetation Science, 30(3), 461-470. https://doi.org/10.1111/jvs.12742",,,,,,,,,,,
St.Martin&Mallik_2019,"St. Martin, Mallik","Philippe, Azim",St.Martin&Mallik_2019,Viburnum cassinoides Linnaeus,Viburnum cassinoides,SLA,SLA,144.9,m2.kg-1,,144.9,mm2.mg-1,mean,7 individuals,"St. Martin, P., & Mallik, A. U. (2019). Alternate successional pathway yields alternate pattern of functional diversity. Journal of Vegetation Science, 30(3), 461-470. https://doi.org/10.1111/jvs.12742",,,,,,,,,,,
Simovic_2020,Simovic,Milos,Simovic_2020,Betula nigra,Betula nigra,LDMC,LDMC,0.35,g.g-1,,0.35,g.g-1,mean,4 individuals (5 leaves/individual),"Simovic, M. (2020). FUNCTIONAL ECOLOGY AND ECOSYSTEM SERVICES OF URBAN TREES [Master's thesis, Cleveland State University]. OhioLINK Electronic Theses and Dissertations Center. http://rave.ohiolink.edu/etdc/view?acc_num=csu1599128381542917",,,,,,,,,,,
Simovic_2020,Simovic,Milos,Simovic_2020,Betula papyrifera,Betula papyrifera,LDMC,LDMC,0.41,g.g-1,,0.41,g.g-1,indiv,1 individual (5 leaves/individual),"Simovic, M. (2020). FUNCTIONAL ECOLOGY AND ECOSYSTEM SERVICES OF URBAN TREES [Master's thesis, Cleveland State University]. OhioLINK Electronic Theses and Dissertations Center. http://rave.ohiolink.edu/etdc/view?acc_num=csu1599128381542917",,,,,,,,,,,
Simovic_2020,Simovic,Milos,Simovic_2020,Gymnocladus dioicus,Gymnocladus dioica,LDMC,LDMC,0.32,g.g-1,,0.32,g.g-1,mean,2 individuals (5 leaves/individual),"Simovic, M. (2020). FUNCTIONAL ECOLOGY AND ECOSYSTEM SERVICES OF URBAN TREES [Master's thesis, Cleveland State University]. OhioLINK Electronic Theses and Dissertations Center. http://rave.ohiolink.edu/etdc/view?acc_num=csu1599128381542917",,,,,,,,,,,
Simovic_2020,Simovic,Milos,Simovic_2020,Liriodendron tulipifera,Liriodendron tulipifera,LDMC,LDMC,0.3,g.g-1,,0.3,g.g-1,indiv,1 individual (5 leaves/individual),"Simovic, M. (2020). FUNCTIONAL ECOLOGY AND ECOSYSTEM SERVICES OF URBAN TREES [Master's thesis, Cleveland State University]. OhioLINK Electronic Theses and Dissertations Center. http://rave.ohiolink.edu/etdc/view?acc_num=csu1599128381542917",,,,,,,,,,,
Simovic_2020,Simovic,Milos,Simovic_2020,Quercus bicolor,Quercus bicolor,LDMC,LDMC,0.42,g.g-1,,0.42,g.g-1,mean,6 individuals (5 leaves/individual),"Simovic, M. (2020). FUNCTIONAL ECOLOGY AND ECOSYSTEM SERVICES OF URBAN TREES [Master's thesis, Cleveland State University]. OhioLINK Electronic Theses and Dissertations Center. http://rave.ohiolink.edu/etdc/view?acc_num=csu1599128381542917",,,,,,,,,,,
Simovic_2020,Simovic,Milos,Simovic_2020,Quercus coccinea,Quercus coccinea,LDMC,LDMC,0.43,g.g-1,,0.43,g.g-1,mean,3 individuals (5 leaves/individual),"Simovic, M. (2020). FUNCTIONAL ECOLOGY AND ECOSYSTEM SERVICES OF URBAN TREES [Master's thesis, Cleveland State University]. OhioLINK Electronic Theses and Dissertations Center. http://rave.ohiolink.edu/etdc/view?acc_num=csu1599128381542917",,,,,,,,,,,
Simovic_2020,Simovic,Milos,Simovic_2020,Quercus palustris,Quercus palustris,LDMC,LDMC,0.42,g.g-1,,0.42,g.g-1,mean,2 individuals (5 leaves/individual),"Simovic, M. (2020). FUNCTIONAL ECOLOGY AND ECOSYSTEM SERVICES OF URBAN TREES [Master's thesis, Cleveland State University]. OhioLINK Electronic Theses and Dissertations Center. http://rave.ohiolink.edu/etdc/view?acc_num=csu1599128381542917",,,,,,,,,,,
Simovic_2020,Simovic,Milos,Simovic_2020,Quercus robur,Quercus robur,LDMC,LDMC,0.43,g.g-1,,0.43,g.g-1,mean,3 individuals (5 leaves/individual),"Simovic, M. (2020). FUNCTIONAL ECOLOGY AND ECOSYSTEM SERVICES OF URBAN TREES [Master's thesis, Cleveland State University]. OhioLINK Electronic Theses and Dissertations Center. http://rave.ohiolink.edu/etdc/view?acc_num=csu1599128381542917",,,,,,,,,,,
Simovic_2020,Simovic,Milos,Simovic_2020,Ulmus americana,Ulmus americana,LDMC,LDMC,0.37,g.g-1,,0.37,g.g-1,mean,5 individuals (5 leaves/individual),,,,,,,,,,,,
Tylek2015,Tylek,Pawel,Tylek2015,Quercus robur L.,Quercus robur,SM,Seed mass,5.24,g,,5.24,g,mean,400 items,"Tylek, P., Kaliniewicz, Z., Kielbasa, P., Zagrobelny, T. (2015). MASS AND DENSITY AS SEPARATION CRITERIA OF PENDUNCULATE OAK (QUERCUS ROBUR L.) SEEDS. Electronic Journal of Polish Agricultural Universities, 18(4).http://www.ejpau.media.pl/volume18/issue4/art-05.html",,,,,,,,,,,
Chmura2017,Chmura,Daniel,Chmura2017,Tilia cordata,Tilia cordata,SM,1000 seed mass,27.49,g,,27.49,g,mean,1000 seeds,"Chmura, D. J., Modrzynski, J., Chmielarz, P., & Tjoelker, M. G. (2017). Plasticity in seedling morphology, biomass allocation and physiology among ten temperate tree species in response to shade is related to shade tolerance and not leaf habit. Plant Biology, 19(2), 172-182. https://doi.org/10.1111/plb.12531",,,,,,,,,,,
Chmura2017,Chmura,Daniel,Chmura2017,Betula pendula,Betula pendula,SM,1000 seed mass,0.14,g,,0.14,g,mean,1000 seeds,"Chmura, D. J., Modrzynski, J., Chmielarz, P., & Tjoelker, M. G. (2017). Plasticity in seedling morphology, biomass allocation and physiology among ten temperate tree species in response to shade is related to shade tolerance and not leaf habit. Plant Biology, 19(2), 172-182. https://doi.org/10.1111/plb.12531",,,,,,,,,,,
Chmura2017,Chmura,Daniel,Chmura2017,Acer platanoides,Acer platanoides,SM,1000 seed mass,143.64,g,,143.64,g,mean,1000 seeds,"Chmura, D. J., Modrzynski, J., Chmielarz, P., & Tjoelker, M. G. (2017). Plasticity in seedling morphology, biomass allocation and physiology among ten temperate tree species in response to shade is related to shade tolerance and not leaf habit. Plant Biology, 19(2), 172-182. https://doi.org/10.1111/plb.12531",,,,,,,,,,,
Chmura2017,Chmura,Daniel,Chmura2017,Acer pseudoplatanus,Acer pseudoplatanus,SM,1000 seed mass,239.91,g,,239.91,g,mean,1000 seeds,"Chmura, D. J., Modrzynski, J., Chmielarz, P., & Tjoelker, M. G. (2017). Plasticity in seedling morphology, biomass allocation and physiology among ten temperate tree species in response to shade is related to shade tolerance and not leaf habit. Plant Biology, 19(2), 172-182. https://doi.org/10.1111/plb.12531",,,,,,,,,,,
Chmura2017,Chmura,Daniel,Chmura2017,Fagus sylvatica,Fagus sylvatica,SM,1000 seed mass,274.36,g,,274.36,g,mean,1000 seeds,"Chmura, D. J., Modrzynski, J., Chmielarz, P., & Tjoelker, M. G. (2017). Plasticity in seedling morphology, biomass allocation and physiology among ten temperate tree species in response to shade is related to shade tolerance and not leaf habit. Plant Biology, 19(2), 172-182. https://doi.org/10.1111/plb.12531",,,,,,,,,,,
Chmura2017,Chmura,Daniel,Chmura2017,Larix decidua,Larix decidua,SM,1000 seed mass,6.15,g,,6.15,g,mean,1000 seeds,"Chmura, D. J., Modrzynski, J., Chmielarz, P., & Tjoelker, M. G. (2017). Plasticity in seedling morphology, biomass allocation and physiology among ten temperate tree species in response to shade is related to shade tolerance and not leaf habit. Plant Biology, 19(2), 172-182. https://doi.org/10.1111/plb.12531",,,,,,,,,,,
Chmura2017,Chmura,Daniel,Chmura2017,Pinus nigra,Pinus nigra,SM,1000 seed mass,25.03,g,,25.03,g,mean,1000 seeds,"Chmura, D. J., Modrzynski, J., Chmielarz, P., & Tjoelker, M. G. (2017). Plasticity in seedling morphology, biomass allocation and physiology among ten temperate tree species in response to shade is related to shade tolerance and not leaf habit. Plant Biology, 19(2), 172-182. https://doi.org/10.1111/plb.12531",,,,,,,,,,,
Chmura2017,Chmura,Daniel,Chmura2017,Pinus sylvestris,Pinus sylvestris,SM,1000 seed mass,7.14,g,,7.14,g,mean,1000 seeds,"Chmura, D. J., Modrzynski, J., Chmielarz, P., & Tjoelker, M. G. (2017). Plasticity in seedling morphology, biomass allocation and physiology among ten temperate tree species in response to shade is related to shade tolerance and not leaf habit. Plant Biology, 19(2), 172-182. https://doi.org/10.1111/plb.12531",,,,,,,,,,,
Chmura2017,Chmura,Daniel,Chmura2017,Picea abies,Picea abies,SM,1000 seed mass,6.79,g,,6.79,g,mean,1000 seeds,"Chmura, D. J., Modrzynski, J., Chmielarz, P., & Tjoelker, M. G. (2017). Plasticity in seedling morphology, biomass allocation and physiology among ten temperate tree species in response to shade is related to shade tolerance and not leaf habit. Plant Biology, 19(2), 172-182. https://doi.org/10.1111/plb.12531",,,,,,,,,,,
Chmura2017,Chmura,Daniel,Chmura2017,Abies alba,Abies alba,SM,1000 seed mass,46.12,g,,46.12,g,mean,1000 seeds,"Chmura, D. J., Modrzynski, J., Chmielarz, P., & Tjoelker, M. G. (2017). Plasticity in seedling morphology, biomass allocation and physiology among ten temperate tree species in response to shade is related to shade tolerance and not leaf habit. Plant Biology, 19(2), 172-182. https://doi.org/10.1111/plb.12531",,,,,,,,,,,
Martinez2019,Martinez,Kelsey,Martinez2019,Celastrus orbiculatus,Celastrus orbiculatus,SLA,SLA,434.3,cm2.g-1,,43.43,mm2.mg-1,mean,At least 6 individual (3 leaves/individual),"Martinez, K. A., Fridley, J. D., Oguchi, R., Aiba, M., & Hikosaka, K. (2019). Functional shifts in leaves of woody invaders of deciduous forests between their home and away ranges. Tree Physiology, 39(9), 1551-1560. https://doi.org/10.1093/treephys/tpz065",,,,,,,,,,,
Martinez2019,Martinez,Kelsey,Martinez2019,Celastrus orbiculatus,Celastrus orbiculatus,LDMC,LDMC,0.16,%,,0.0016,g.g-1,mean,At least 6 individual (3 leaves/individual),"Martinez, K. A., Fridley, J. D., Oguchi, R., Aiba, M., & Hikosaka, K. (2019). Functional shifts in leaves of woody invaders of deciduous forests between their home and away ranges. Tree Physiology, 39(9), 1551-1560. https://doi.org/10.1093/treephys/tpz065",,,,,,,,,,,
Martinez2019,Martinez,Kelsey,Martinez2019,Celastrus orbiculatus,Celastrus orbiculatus,Nmass,Nmass,2.51,g.g-1,,2510,mg.g-1,mean,At least 6 individual (3 leaves/individual),"Martinez, K. A., Fridley, J. D., Oguchi, R., Aiba, M., & Hikosaka, K. (2019). Functional shifts in leaves of woody invaders of deciduous forests between their home and away ranges. Tree Physiology, 39(9), 1551-1560. https://doi.org/10.1093/treephys/tpz065",,,,,,,,,,,
Martinez2019,Martinez,Kelsey,Martinez2019,Euonymus alatus,Euonymus alatus,SLA,SLA,249,cm2.g-1,,24.9,mm2.mg-1,mean,At least 6 individual (3 leaves/individual),"Martinez, K. A., Fridley, J. D., Oguchi, R., Aiba, M., & Hikosaka, K. (2019). Functional shifts in leaves of woody invaders of deciduous forests between their home and away ranges. Tree Physiology, 39(9), 1551-1560. https://doi.org/10.1093/treephys/tpz065",,,,,,,,,,,
Martinez2019,Martinez,Kelsey,Martinez2019,Euonymus alatus,Euonymus alatus,LDMC,LDMC,0.28,%,,0.0028,g.g-1,mean,At least 6 individual (3 leaves/individual),"Martinez, K. A., Fridley, J. D., Oguchi, R., Aiba, M., & Hikosaka, K. (2019). Functional shifts in leaves of woody invaders of deciduous forests between their home and away ranges. Tree Physiology, 39(9), 1551-1560. https://doi.org/10.1093/treephys/tpz065",,,,,,,,,,,
Martinez2019,Martinez,Kelsey,Martinez2019,Euonymus alatus,Euonymus alatus,Nmass,Nmass,2.13,g.g-1,,2130,mg.g-1,mean,At least 6 individual (3 leaves/individual),"Martinez, K. A., Fridley, J. D., Oguchi, R., Aiba, M., & Hikosaka, K. (2019). Functional shifts in leaves of woody invaders of deciduous forests between their home and away ranges. Tree Physiology, 39(9), 1551-1560. https://doi.org/10.1093/treephys/tpz065",,,,,,,,,,,
Martinez2019,Martinez,Kelsey,Martinez2019,Lonicera japonica,Lonicera japonica,SLA,SLA,285.5,cm2.g-1,,28.55,mm2.mg-1,mean,At least 6 individual (3 leaves/individual),"Martinez, K. A., Fridley, J. D., Oguchi, R., Aiba, M., & Hikosaka, K. (2019). Functional shifts in leaves of woody invaders of deciduous forests between their home and away ranges. Tree Physiology, 39(9), 1551-1560. https://doi.org/10.1093/treephys/tpz065",,,,,,,,,,,
Martinez2019,Martinez,Kelsey,Martinez2019,Lonicera japonica,Lonicera japonica,LDMC,LDMC,0.25,%,,0.0025,g.g-1,mean,At least 6 individual (3 leaves/individual),"Martinez, K. A., Fridley, J. D., Oguchi, R., Aiba, M., & Hikosaka, K. (2019). Functional shifts in leaves of woody invaders of deciduous forests between their home and away ranges. Tree Physiology, 39(9), 1551-1560. https://doi.org/10.1093/treephys/tpz065",,,,,,,,,,,
Martinez2019,Martinez,Kelsey,Martinez2019,Lonicera japonica,Lonicera japonica,Nmass,Nmass,1.4,g.g-1,,1400,mg.g-1,mean,At least 6 individual (3 leaves/individual),"Martinez, K. A., Fridley, J. D., Oguchi, R., Aiba, M., & Hikosaka, K. (2019). Functional shifts in leaves of woody invaders of deciduous forests between their home and away ranges. Tree Physiology, 39(9), 1551-1560. https://doi.org/10.1093/treephys/tpz065",,,,,,,,,,,
Martinez2019,Martinez,Kelsey,Martinez2019,Viburnum dilatatum,Viburnum dilatatum,SLA,SLA,260.3,cm2.g-1,,26.03,mm2.mg-1,mean,At least 6 individual (3 leaves/individual),"Martinez, K. A., Fridley, J. D., Oguchi, R., Aiba, M., & Hikosaka, K. (2019). Functional shifts in leaves of woody invaders of deciduous forests between their home and away ranges. Tree Physiology, 39(9), 1551-1560. https://doi.org/10.1093/treephys/tpz065",,,,,,,,,,,
Martinez2019,Martinez,Kelsey,Martinez2019,Viburnum dilatatum,Viburnum dilatatum,LDMC,LDMC,0.26,%,,0.0026,g.g-1,mean,At least 6 individual (3 leaves/individual),"Martinez, K. A., Fridley, J. D., Oguchi, R., Aiba, M., & Hikosaka, K. (2019). Functional shifts in leaves of woody invaders of deciduous forests between their home and away ranges. Tree Physiology, 39(9), 1551-1560. https://doi.org/10.1093/treephys/tpz065",,,,,,,,,,,
Martinez2019,Martinez,Kelsey,Martinez2019,Viburnum dilatatum,Viburnum dilatatum,Nmass,Nmass,1.68,g.g-1,,1680,mg.g-1,mean,At least 6 individual (3 leaves/individual),"Martinez, K. A., Fridley, J. D., Oguchi, R., Aiba, M., & Hikosaka, K. (2019). Functional shifts in leaves of woody invaders of deciduous forests between their home and away ranges. Tree Physiology, 39(9), 1551-1560. https://doi.org/10.1093/treephys/tpz065",,,,,,,,,,,
Martinez2019,Martinez,Kelsey,Martinez2019,Sambucus racemosa,Sambucus racemosa,SLA,SLA,450.1,cm2.g-1,,45.01,mm2.mg-1,mean,At least 6 individual (3 leaves/individual),"Martinez, K. A., Fridley, J. D., Oguchi, R., Aiba, M., & Hikosaka, K. (2019). Functional shifts in leaves of woody invaders of deciduous forests between their home and away ranges. Tree Physiology, 39(9), 1551-1560. https://doi.org/10.1093/treephys/tpz065",,,,,,,,,,,
Martinez2019,Martinez,Kelsey,Martinez2019,Sambucus racemosa,Sambucus racemosa,LDMC,LDMC,0.15,%,,0.0015,g.g-1,mean,At least 6 individual (3 leaves/individual),"Martinez, K. A., Fridley, J. D., Oguchi, R., Aiba, M., & Hikosaka, K. (2019). Functional shifts in leaves of woody invaders of deciduous forests between their home and away ranges. Tree Physiology, 39(9), 1551-1560. https://doi.org/10.1093/treephys/tpz065",,,,,,,,,,,
Martinez2019,Martinez,Kelsey,Martinez2019,Sambucus racemosa,Sambucus racemosa,Nmass,Nmass,3.73,g.g-1,,3730,mg.g-1,mean,At least 6 individual (3 leaves/individual),"Martinez, K. A., Fridley, J. D., Oguchi, R., Aiba, M., & Hikosaka, K. (2019). Functional shifts in leaves of woody invaders of deciduous forests between their home and away ranges. Tree Physiology, 39(9), 1551-1560. https://doi.org/10.1093/treephys/tpz065",,,,,,,,,,,
Martinez2019,Martinez,Kelsey,Martinez2019,Cornus racemosa,Cornus racemosa,SLA,SLA,290,cm2.g-1,,29,mm2.mg-1,mean,At least 6 individual (3 leaves/individual),"Martinez, K. A., Fridley, J. D., Oguchi, R., Aiba, M., & Hikosaka, K. (2019). Functional shifts in leaves of woody invaders of deciduous forests between their home and away ranges. Tree Physiology, 39(9), 1551-1560. https://doi.org/10.1093/treephys/tpz065",,,,,,,,,,,
Martinez2019,Martinez,Kelsey,Martinez2019,Cornus racemosa,Cornus racemosa,LDMC,LDMC,0.28,%,,0.0028,g.g-1,mean,At least 6 individual (3 leaves/individual),"Martinez, K. A., Fridley, J. D., Oguchi, R., Aiba, M., & Hikosaka, K. (2019). Functional shifts in leaves of woody invaders of deciduous forests between their home and away ranges. Tree Physiology, 39(9), 1551-1560. https://doi.org/10.1093/treephys/tpz065",,,,,,,,,,,
Martinez2019,Martinez,Kelsey,Martinez2019,Cornus racemosa,Cornus racemosa,Nmass,Nmass,1.63,g.g-1,,1630,mg.g-1,mean,At least 6 individual (3 leaves/individual),"Martinez, K. A., Fridley, J. D., Oguchi, R., Aiba, M., & Hikosaka, K. (2019). Functional shifts in leaves of woody invaders of deciduous forests between their home and away ranges. Tree Physiology, 39(9), 1551-1560. https://doi.org/10.1093/treephys/tpz065",,,,,,,,,,,
Martinez2019,Martinez,Kelsey,Martinez2019,Prunus virginiana,Prunus virginiana,SLA,SLA,295.4,cm2.g-1,,29.54,mm2.mg-1,mean,At least 6 individual (3 leaves/individual),"Martinez, K. A., Fridley, J. D., Oguchi, R., Aiba, M., & Hikosaka, K. (2019). Functional shifts in leaves of woody invaders of deciduous forests between their home and away ranges. Tree Physiology, 39(9), 1551-1560. https://doi.org/10.1093/treephys/tpz065",,,,,,,,,,,
Martinez2019,Martinez,Kelsey,Martinez2019,Prunus virginiana,Prunus virginiana,LDMC,LDMC,0.28,%,,0.0028,g.g-1,mean,At least 6 individual (3 leaves/individual),"Martinez, K. A., Fridley, J. D., Oguchi, R., Aiba, M., & Hikosaka, K. (2019). Functional shifts in leaves of woody invaders of deciduous forests between their home and away ranges. Tree Physiology, 39(9), 1551-1560. https://doi.org/10.1093/treephys/tpz065",,,,,,,,,,,
Martinez2019,Martinez,Kelsey,Martinez2019,Prunus virginiana,Prunus virginiana,Nmass,Nmass,2.09,g.g-1,,2090,mg.g-1,mean,At least 6 individual (3 leaves/individual),"Martinez, K. A., Fridley, J. D., Oguchi, R., Aiba, M., & Hikosaka, K. (2019). Functional shifts in leaves of woody invaders of deciduous forests between their home and away ranges. Tree Physiology, 39(9), 1551-1560. https://doi.org/10.1093/treephys/tpz065",,,,,,,,,,,
Martinez2019,Martinez,Kelsey,Martinez2019,Viburnum acerifolium,Viburnum acerifolium,SLA,SLA,335,cm2.g-1,,33.5,mm2.mg-1,mean,At least 6 individual (3 leaves/individual),"Martinez, K. A., Fridley, J. D., Oguchi, R., Aiba, M., & Hikosaka, K. (2019). Functional shifts in leaves of woody invaders of deciduous forests between their home and away ranges. Tree Physiology, 39(9), 1551-1560. https://doi.org/10.1093/treephys/tpz065",,,,,,,,,,,
Martinez2019,Martinez,Kelsey,Martinez2019,Viburnum acerifolium,Viburnum acerifolium,LDMC,LDMC,0.24,%,,0.0024,g.g-1,mean,At least 6 individual (3 leaves/individual),"Martinez, K. A., Fridley, J. D., Oguchi, R., Aiba, M., & Hikosaka, K. (2019). Functional shifts in leaves of woody invaders of deciduous forests between their home and away ranges. Tree Physiology, 39(9), 1551-1560. https://doi.org/10.1093/treephys/tpz065",,,,,,,,,,,
Martinez2019,Martinez,Kelsey,Martinez2019,Viburnum acerifolium,Viburnum acerifolium,Nmass,Nmass,1.79,g.g-1,,1790,mg.g-1,mean,At least 6 individual (3 leaves/individual),"Martinez, K. A., Fridley, J. D., Oguchi, R., Aiba, M., & Hikosaka, K. (2019). Functional shifts in leaves of woody invaders of deciduous forests between their home and away ranges. Tree Physiology, 39(9), 1551-1560. https://doi.org/10.1093/treephys/tpz065",,,,,,,,,,,
Kiaei2016,Kiaei,Majid,Kiaei2016,Albizzia julibrissin,Albizia julibrissin,WD,WD total 5%,467.2,kg.m-3,47.29,0.4672,g.cm-3,mean,5 individuals,"Kiaei, M., & Farsi, M. (2016). Vertical variation of density, flexural strenght and stiffness of Persian solk wood. Madera Bosques, 22(1), 169-175. https://doi.org/10.21829/myb.2016.221484",,,,,,,,,,,
Kiaei2016,Kiaei,Majid,Kiaei2016,Albizzia julibrissin,Albizia julibrissin,WD,WD total 25%,414.7,kg.m-3,44.71,0.4147,g.cm-3,mean,5 individuals,"Kiaei, M., & Farsi, M. (2016). Vertical variation of density, flexural strenght and stiffness of Persian solk wood. Madera Bosques, 22(1), 169-175. https://doi.org/10.21829/myb.2016.221484",,,,,,,,,,,
Kiaei2016,Kiaei,Majid,Kiaei2016,Albizzia julibrissin,Albizia julibrissin,WD,WD total 50%,400.3,kg.m-3,41.49,0.4003,g.cm-3,mean,5 individuals,"Kiaei, M., & Farsi, M. (2016). Vertical variation of density, flexural strenght and stiffness of Persian solk wood. Madera Bosques, 22(1), 169-175. https://doi.org/10.21829/myb.2016.221484",,,,,,,,,,,
Kiaei2016,Kiaei,Majid,Kiaei2016,Albizzia julibrissin,Albizia julibrissin,WD,WD total 75%,384.82,kg.m-3,31.78,0.38482,g.cm-3,mean,5 individuals,"Kiaei, M., & Farsi, M. (2016). Vertical variation of density, flexural strenght and stiffness of Persian solk wood. Madera Bosques, 22(1), 169-175. https://doi.org/10.21829/myb.2016.221484",,,,,,,,,,,
Ulyshen2020,Ulyshen,Michael,Ulyshen2020,Acer negundo,Acer negundo,WD,Specific gravity,0.384,g.cm-3,0.01,0.384,g.cm-3,mean,5  individuals (7-8 samples/individual),"Ulyshen, M. D., Horn, S., Brownie, C., Strickland, M. S., Wurzburger, N., & Zanne, A. (2020). Comparison of decay rates between native and non-native wood species in invaded forests of the southeastern U.S.: a rapid assessment. Biological Invasions, 22, 2619-2635. https://doi.org/10.1007/s10530-020-02276-8",,,,,,,,,,,
Ulyshen2020,Ulyshen,Michael,Ulyshen2020,Ailanthus altissima (P. Mill.) Swingle,Ailanthus altissima,WD,Specific gravity,0.536,g.cm-3,0.003,0.536,g.cm-3,mean,5  individuals (7-8 samples/individual),"Ulyshen, M. D., Horn, S., Brownie, C., Strickland, M. S., Wurzburger, N., & Zanne, A. (2020). Comparison of decay rates between native and non-native wood species in invaded forests of the southeastern U.S.: a rapid assessment. Biological Invasions, 22, 2619-2635. https://doi.org/10.1007/s10530-020-02276-8",,,,,,,,,,,
Ulyshen2020,Ulyshen,Michael,Ulyshen2020,Albizia julibrissin Durazz,Albizia julibrissin,WD,Specific gravity,0.478,g.cm-3,0.018,0.478,g.cm-3,mean,5  individuals (7-8 samples/individual),"Ulyshen, M. D., Horn, S., Brownie, C., Strickland, M. S., Wurzburger, N., & Zanne, A. (2020). Comparison of decay rates between native and non-native wood species in invaded forests of the southeastern U.S.: a rapid assessment. Biological Invasions, 22, 2619-2635. https://doi.org/10.1007/s10530-020-02276-8",,,,,,,,,,,
Ulyshen2020,Ulyshen,Michael,Ulyshen2020,Betula nigra L,Betula nigra,WD,Specific gravity,0.5,g.cm-3,0.013,0.5,g.cm-3,mean,5  individuals (7-8 samples/individual),"Ulyshen, M. D., Horn, S., Brownie, C., Strickland, M. S., Wurzburger, N., & Zanne, A. (2020). Comparison of decay rates between native and non-native wood species in invaded forests of the southeastern U.S.: a rapid assessment. Biological Invasions, 22, 2619-2635. https://doi.org/10.1007/s10530-020-02276-8",,,,,,,,,,,
Ulyshen2020,Ulyshen,Michael,Ulyshen2020,Broussonetia papyrifera (L.) L'Hér. Ex Vent,Broussonetia papyrifera,WD,Specific gravity,0.546,g.cm-3,0.014,0.546,g.cm-3,mean,5  individuals (7-8 samples/individual),"Ulyshen, M. D., Horn, S., Brownie, C., Strickland, M. S., Wurzburger, N., & Zanne, A. (2020). Comparison of decay rates between native and non-native wood species in invaded forests of the southeastern U.S.: a rapid assessment. Biological Invasions, 22, 2619-2635. https://doi.org/10.1007/s10530-020-02276-8",,,,,,,,,,,
Ulyshen2020,Ulyshen,Michael,Ulyshen2020,Celtis laevigata Willd,Celtis laevigata,WD,Specific gravity,0.507,g.cm-3,0.017,0.507,g.cm-3,mean,5  individuals (7-8 samples/individual),"Ulyshen, M. D., Horn, S., Brownie, C., Strickland, M. S., Wurzburger, N., & Zanne, A. (2020). Comparison of decay rates between native and non-native wood species in invaded forests of the southeastern U.S.: a rapid assessment. Biological Invasions, 22, 2619-2635. https://doi.org/10.1007/s10530-020-02276-8",,,,,,,,,,,
Ulyshen2020,Ulyshen,Michael,Ulyshen2020,Cinnamomum camphora (L.) J. Presl,Cinnamomum camphora,WD,Specific gravity,0.455,g.cm-3,0.01,0.455,g.cm-3,mean,5  individuals (7-8 samples/individual),"Ulyshen, M. D., Horn, S., Brownie, C., Strickland, M. S., Wurzburger, N., & Zanne, A. (2020). Comparison of decay rates between native and non-native wood species in invaded forests of the southeastern U.S.: a rapid assessment. Biological Invasions, 22, 2619-2635. https://doi.org/10.1007/s10530-020-02276-8",,,,,,,,,,,
Ulyshen2020,Ulyshen,Michael,Ulyshen2020,Firmiana simplex (L.) W. Wight,Firmiana simplex,WD,Specific gravity,0.379,g.cm-3,0.031,0.379,g.cm-3,mean,5  individuals (7-8 samples/individual),"Ulyshen, M. D., Horn, S., Brownie, C., Strickland, M. S., Wurzburger, N., & Zanne, A. (2020). Comparison of decay rates between native and non-native wood species in invaded forests of the southeastern U.S.: a rapid assessment. Biological Invasions, 22, 2619-2635. https://doi.org/10.1007/s10530-020-02276-8",,,,,,,,,,,
Ulyshen2020,Ulyshen,Michael,Ulyshen2020,Fraxinus pennsylvanica Marsh,Fraxinus pennsylvanica,WD,Specific gravity,0.503,g.cm-3,0.026,0.503,g.cm-3,mean,5  individuals (7-8 samples/individual),"Ulyshen, M. D., Horn, S., Brownie, C., Strickland, M. S., Wurzburger, N., & Zanne, A. (2020). Comparison of decay rates between native and non-native wood species in invaded forests of the southeastern U.S.: a rapid assessment. Biological Invasions, 22, 2619-2635. https://doi.org/10.1007/s10530-020-02276-8",,,,,,,,,,,
Ulyshen2020,Ulyshen,Michael,Ulyshen2020,Juglans nigra L,Juglans nigra,WD,Specific gravity,0.575,g.cm-3,0.02,0.575,g.cm-3,mean,5  individuals (7-8 samples/individual),"Ulyshen, M. D., Horn, S., Brownie, C., Strickland, M. S., Wurzburger, N., & Zanne, A. (2020). Comparison of decay rates between native and non-native wood species in invaded forests of the southeastern U.S.: a rapid assessment. Biological Invasions, 22, 2619-2635. https://doi.org/10.1007/s10530-020-02276-8",,,,,,,,,,,
Ulyshen2020,Ulyshen,Michael,Ulyshen2020,Ligustrum sinense Lour,Ligustrum sinense,WD,Specific gravity,0.634,g.cm-3,0.021,0.634,g.cm-3,mean,5  individuals (7-8 samples/individual),"Ulyshen, M. D., Horn, S., Brownie, C., Strickland, M. S., Wurzburger, N., & Zanne, A. (2020). Comparison of decay rates between native and non-native wood species in invaded forests of the southeastern U.S.: a rapid assessment. Biological Invasions, 22, 2619-2635. https://doi.org/10.1007/s10530-020-02276-8",,,,,,,,,,,
Ulyshen2020,Ulyshen,Michael,Ulyshen2020,Liquidambar styraciflua L,Liquidambar styraciflua,WD,Specific gravity,0.528,g.cm-3,0.011,0.528,g.cm-3,mean,5  individuals (7-8 samples/individual),"Ulyshen, M. D., Horn, S., Brownie, C., Strickland, M. S., Wurzburger, N., & Zanne, A. (2020). Comparison of decay rates between native and non-native wood species in invaded forests of the southeastern U.S.: a rapid assessment. Biological Invasions, 22, 2619-2635. https://doi.org/10.1007/s10530-020-02276-8",,,,,,,,,,,
Ulyshen2020,Ulyshen,Michael,Ulyshen2020,Liriodendron tulipifera L,Liriodendron tulipifera,WD,Specific gravity,0.401,g.cm-3,0.01,0.401,g.cm-3,mean,5  individuals (7-8 samples/individual),"Ulyshen, M. D., Horn, S., Brownie, C., Strickland, M. S., Wurzburger, N., & Zanne, A. (2020). Comparison of decay rates between native and non-native wood species in invaded forests of the southeastern U.S.: a rapid assessment. Biological Invasions, 22, 2619-2635. https://doi.org/10.1007/s10530-020-02276-8",,,,,,,,,,,
Ulyshen2020,Ulyshen,Michael,Ulyshen2020,Melia azedarach L,Melia azedarach,WD,Specific gravity,0.497,g.cm-3,0.009,0.497,g.cm-3,mean,5  individuals (7-8 samples/individual),"Ulyshen, M. D., Horn, S., Brownie, C., Strickland, M. S., Wurzburger, N., & Zanne, A. (2020). Comparison of decay rates between native and non-native wood species in invaded forests of the southeastern U.S.: a rapid assessment. Biological Invasions, 22, 2619-2635. https://doi.org/10.1007/s10530-020-02276-8",,,,,,,,,,,
Ulyshen2020,Ulyshen,Michael,Ulyshen2020,Paulownia tomentosa (Thunb.) Sieb. & Zucc. Ex Steud,Paulownia tomentosa,WD,Specific gravity,0.24,g.cm-3,0.009,0.24,g.cm-3,mean,5  individuals (7-8 samples/individual),"Ulyshen, M. D., Horn, S., Brownie, C., Strickland, M. S., Wurzburger, N., & Zanne, A. (2020). Comparison of decay rates between native and non-native wood species in invaded forests of the southeastern U.S.: a rapid assessment. Biological Invasions, 22, 2619-2635. https://doi.org/10.1007/s10530-020-02276-8",,,,,,,,,,,
Ulyshen2020,Ulyshen,Michael,Ulyshen2020,Pinus teada L,Pinus taeda,WD,Specific gravity,0.499,g.cm-3,0.014,0.499,g.cm-3,mean,5  individuals (7-8 samples/individual),"Ulyshen, M. D., Horn, S., Brownie, C., Strickland, M. S., Wurzburger, N., & Zanne, A. (2020). Comparison of decay rates between native and non-native wood species in invaded forests of the southeastern U.S.: a rapid assessment. Biological Invasions, 22, 2619-2635. https://doi.org/10.1007/s10530-020-02276-8",,,,,,,,,,,
Ulyshen2020,Ulyshen,Michael,Ulyshen2020,Platanus occidentalis L,Platanus occidentalis,WD,Specific gravity,0.495,g.cm-3,0.018,0.495,g.cm-3,mean,5  individuals (7-8 samples/individual),"Ulyshen, M. D., Horn, S., Brownie, C., Strickland, M. S., Wurzburger, N., & Zanne, A. (2020). Comparison of decay rates between native and non-native wood species in invaded forests of the southeastern U.S.: a rapid assessment. Biological Invasions, 22, 2619-2635. https://doi.org/10.1007/s10530-020-02276-8",,,,,,,,,,,
Ulyshen2020,Ulyshen,Michael,Ulyshen2020,Prunus serotina Ehrh,Prunus serotina,WD,Specific gravity,0.614,g.cm-3,0.016,0.614,g.cm-3,mean,5  individuals (7-8 samples/individual),"Ulyshen, M. D., Horn, S., Brownie, C., Strickland, M. S., Wurzburger, N., & Zanne, A. (2020). Comparison of decay rates between native and non-native wood species in invaded forests of the southeastern U.S.: a rapid assessment. Biological Invasions, 22, 2619-2635. https://doi.org/10.1007/s10530-020-02276-8",,,,,,,,,,,
Ulyshen2020,Ulyshen,Michael,Ulyshen2020,Pyrus calleryana Decne,Pyrus calleryana,WD,Specific gravity,0.653,g.cm-3,0.011,0.653,g.cm-3,mean,5  individuals (7-8 samples/individual),"Ulyshen, M. D., Horn, S., Brownie, C., Strickland, M. S., Wurzburger, N., & Zanne, A. (2020). Comparison of decay rates between native and non-native wood species in invaded forests of the southeastern U.S.: a rapid assessment. Biological Invasions, 22, 2619-2635. https://doi.org/10.1007/s10530-020-02276-8",,,,,,,,,,,
Ulyshen2020,Ulyshen,Michael,Ulyshen2020,Quercus nigra L,Quercus nigra,WD,Specific gravity,0.626,g.cm-3,0.011,0.626,g.cm-3,mean,5  individuals (7-8 samples/individual),"Ulyshen, M. D., Horn, S., Brownie, C., Strickland, M. S., Wurzburger, N., & Zanne, A. (2020). Comparison of decay rates between native and non-native wood species in invaded forests of the southeastern U.S.: a rapid assessment. Biological Invasions, 22, 2619-2635. https://doi.org/10.1007/s10530-020-02276-8",,,,,,,,,,,
Ulyshen2020,Ulyshen,Michael,Ulyshen2020,Triadica sebifera (L.) Small,Triadica sebifera,WD,Specific gravity,0.472,g.cm-3,0.014,0.472,g.cm-3,mean,5  individuals (7-8 samples/individual),"Ulyshen, M. D., Horn, S., Brownie, C., Strickland, M. S., Wurzburger, N., & Zanne, A. (2020). Comparison of decay rates between native and non-native wood species in invaded forests of the southeastern U.S.: a rapid assessment. Biological Invasions, 22, 2619-2635. https://doi.org/10.1007/s10530-020-02276-8",,,,,,,,,,,
Ulyshen2020,Ulyshen,Michael,Ulyshen2020,Ulmus parvifolia Jacq,Ulmus parvifolia,WD,Specific gravity,0.668,g.cm-3,0.009,0.668,g.cm-3,mean,5  individuals (7-8 samples/individual),"Ulyshen, M. D., Horn, S., Brownie, C., Strickland, M. S., Wurzburger, N., & Zanne, A. (2020). Comparison of decay rates between native and non-native wood species in invaded forests of the southeastern U.S.: a rapid assessment. Biological Invasions, 22, 2619-2635. https://doi.org/10.1007/s10530-020-02276-8",,,,,,,,,,,
Ulyshen2020,Ulyshen,Michael,Ulyshen2020,Ulmus rubra Muhl,Ulmus rubra,WD,Specific gravity,0.54,g.cm-3,0.012,0.54,g.cm-3,mean,5  individuals (7-8 samples/individual),"Ulyshen, M. D., Horn, S., Brownie, C., Strickland, M. S., Wurzburger, N., & Zanne, A. (2020). Comparison of decay rates between native and non-native wood species in invaded forests of the southeastern U.S.: a rapid assessment. Biological Invasions, 22, 2619-2635. https://doi.org/10.1007/s10530-020-02276-8",,,,,,,,,,,
Khudonogova2019,Khudonogova,E,Khudonogova2019,Tilia cordata Mill.,Tilia cordata,SM,Mass of 1000 seeds,28,g,,28,g,mean,1000 seeds,"Khudonogova, E., Zatsepina, O., Polovinkina, S., Rachenko, M., & Tyapaeva, M. (2019). Seed germination of woody and shrubby introduced species (Vol. 316). IOP Publishing. https://doi.org/10.1088/1755-1315/316/1/012021",,,,,,,,,,,
Khudonogova2019,Khudonogova,E,Khudonogova2019,Tilia cordata Mill.,Tilia cordata,SM,Mass of 1000 seeds,28,g,0.4,28,g,mean,1000 seeds,"Khudonogova, E., Zatsepina, O., Polovinkina, S., Rachenko, M., & Tyapaeva, M. (2019). Seed germination of woody and shrubby introduced species (Vol. 316). IOP Publishing. https://doi.org/10.1088/1755-1315/316/1/012021",,,,,,,,,,,
